
{
    "name": "dnd5eByDialog",
    "title": "dnd5eByDialog",
    "description": "Absurd dialog macros turned into a module",
    "author": "Allen",
    "version": "0.0.3",
    "minimumCoreVersion": "0.8.9",
    "compatibleCoreVersion": "0.8.9",
    "scripts": ["dnd5eByDialog.js"],
    "dependencies": [
      {"name": "dfreds-convenient-effects"}
    ],
    "url": "https://github.com/xaukael/dnd5eByDialog/",
    "manifest": "https://github.com/xaukael/dnd5eByDialog/raw/main/module.json",
    "download": "https://github.com/xaukael/dnd5eByDialog/raw/main/dnd5eByDialog-main.zip"
}
